name,gt_ok,pred_ok,angle_error,lateral_near,lateral_far,line_iou,nav_iou,confidence,accurate
test_0,True,True,0.5840,0.00,0.94,0.7959,0.3670,0.540,True
test_1,True,True,4.5542,9.01,16.29,0.0082,0.4367,0.000,True
test_2,True,True,1.1400,4.52,6.31,0.0874,0.3437,0.301,True
test_3,True,True,24.2086,112.15,73.87,0.0000,0.2664,0.105,False
test_4,True,True,6.4791,0.18,10.14,0.1374,0.3022,0.457,False
test_5,True,True,5.1733,6.91,15.05,0.0394,0.3746,0.000,False
test_6,True,True,37.5316,101.46,39.80,0.0207,0.3576,0.000,False
test_7,True,True,0.6099,0.56,0.43,0.8717,0.4243,0.520,True
test_8,True,True,23.6498,72.10,34.59,0.0347,0.3620,0.000,False
test_9,True,True,6.2648,12.05,1.64,0.1390,0.1793,0.278,False
test_10,True,True,0.0084,1.23,1.22,0.7594,0.2853,0.000,True
test_11,True,True,6.5687,3.86,6.85,0.1345,0.1457,0.088,False
test_12,True,True,22.2960,86.21,50.92,0.0008,0.2705,0.471,False
test_13,True,True,6.2735,4.89,5.95,0.1342,0.1368,0.435,False
test_14,True,True,11.4374,2.88,20.91,0.0766,0.3111,0.176,False
test_15,True,True,6.0538,60.13,50.45,0.0000,0.1683,0.294,False
test_16,True,True,32.2757,103.67,50.84,0.0243,0.3073,0.000,False
test_17,True,True,4.3316,101.18,107.95,0.0000,0.0843,0.063,False
test_18,True,True,10.9959,77.65,60.05,0.0000,0.1470,0.158,False
test_19,True,True,20.0316,7.31,38.84,0.0407,0.2925,0.081,False
test_20,True,True,1.3213,14.77,12.65,0.0000,0.0780,0.276,False
test_21,True,True,1.4133,31.92,34.20,0.0000,0.1453,0.165,False
test_22,True,True,11.3945,13.66,4.42,0.0755,0.1333,0.209,False
test_23,True,True,17.1472,19.48,46.54,0.0049,0.1797,0.068,False
test_24,True,True,14.9975,65.57,41.96,0.0000,0.0922,0.299,False
test_25,True,True,16.2187,29.75,55.37,0.0000,0.0856,0.393,False
test_26,True,True,21.0874,1.80,35.56,0.0381,0.1284,0.118,False
test_27,True,True,21.2853,23.75,57.44,0.0041,0.1109,0.047,False
test_28,True,True,15.4013,89.93,65.38,0.0000,0.1363,0.461,False
test_29,True,True,19.1069,57.12,27.08,0.0435,0.1272,0.210,False
test_30,True,True,17.0695,35.44,8.06,0.0485,0.2952,0.000,False
test_31,True,True,13.9523,51.54,29.54,0.0224,0.3237,0.000,False
test_32,True,True,13.6515,44.04,22.06,0.0588,0.3677,0.000,False
test_33,True,True,0.9762,8.43,6.76,0.0493,0.1866,0.436,True
test_34,True,True,6.7369,5.97,4.60,0.1313,0.3393,0.348,False
test_35,True,True,6.7598,36.95,26.29,0.0000,0.3821,0.000,False
test_36,True,True,17.7295,46.51,18.60,0.0479,0.4271,0.000,False
test_37,True,True,1.4206,4.38,6.76,0.1018,0.3344,0.298,True
test_38,True,True,6.7382,10.33,20.95,0.0113,0.2810,0.076,False
test_39,True,True,3.1188,6.38,1.30,0.3288,0.3658,0.472,True
test_40,True,True,5.6417,30.97,21.91,0.0000,0.2665,0.000,False
test_41,True,True,13.0456,32.40,11.56,0.0644,0.3766,0.000,False
test_42,True,True,18.8305,49.74,19.57,0.0441,0.3046,0.000,False
test_43,True,True,5.8166,8.04,17.19,0.0234,0.3384,0.058,False
test_44,True,True,16.9014,60.00,33.39,0.0313,0.3745,0.000,False
test_45,True,True,3.8166,0.17,6.51,0.2018,0.3029,0.332,True
test_46,True,True,14.0302,43.12,20.41,0.0579,0.2840,0.000,False
test_47,True,True,4.7899,32.32,39.79,0.0000,0.2062,0.156,False
test_48,True,True,22.9006,117.08,80.91,0.0000,0.2331,0.466,False
test_49,True,True,3.9739,7.61,0.80,0.2257,0.1600,0.390,True
test_50,True,True,6.6494,0.61,10.40,0.1281,0.3154,0.000,False
test_51,True,True,5.9333,3.46,13.14,0.1048,0.3693,0.000,False
test_52,True,True,6.9767,11.97,0.51,0.1212,0.2850,0.123,False
test_53,True,True,4.1010,5.47,12.09,0.0541,0.3384,0.028,True
test_54,True,True,0.5439,0.89,0.02,0.8675,0.3536,0.506,True
test_55,True,True,6.2075,2.60,7.70,0.1443,0.2824,0.000,False
test_56,True,True,0.6963,3.83,4.96,0.1389,0.3284,0.534,True
test_57,True,True,7.5546,9.16,21.52,0.0269,0.2842,0.000,False
test_58,True,True,4.5803,6.92,14.54,0.0319,0.3275,0.000,True
test_59,True,True,3.5373,18.10,24.03,0.0000,0.3356,0.000,False
test_60,True,True,4.0432,37.68,31.25,0.0000,0.2912,0.000,False
test_61,True,True,6.5846,1.32,9.69,0.1315,0.3095,0.000,False
test_62,True,True,1.6218,13.12,15.73,0.0000,0.3464,0.439,False
test_63,True,True,1.4040,30.11,32.43,0.0000,0.3637,0.000,False
test_64,True,True,0.9902,24.78,26.39,0.0000,0.2952,0.000,False
test_65,True,True,1.6592,7.30,9.99,0.0208,0.2321,0.509,True
test_66,True,True,0.0566,1.29,1.38,0.7600,0.3117,0.454,True
test_67,True,True,10.8849,10.75,6.71,0.0753,0.2243,0.401,False
test_68,True,True,1.7993,36.42,33.48,0.0000,0.3241,0.000,False
test_69,True,True,2.9677,15.84,20.63,0.0000,0.2603,0.000,False
test_70,True,True,3.2887,5.62,0.31,0.3107,0.3267,0.441,True
test_71,True,True,2.3666,29.89,33.81,0.0000,0.3660,0.000,False
test_72,True,True,6.3846,18.19,8.06,0.1338,0.3445,0.000,False
test_73,True,True,0.1573,7.95,8.20,0.0000,0.3285,0.000,True
test_74,True,True,1.1050,2.46,4.29,0.3528,0.3387,0.475,True
test_75,True,True,14.9460,60.32,36.36,0.0008,0.3196,0.000,False
test_76,True,True,7.8242,1.58,14.80,0.1051,0.3244,0.000,False
test_77,True,True,3.4106,23.23,28.91,0.0000,0.3373,0.000,False
test_78,True,True,1.9979,2.62,0.61,0.4866,0.3560,0.088,True
test_79,True,True,2.6166,0.52,3.86,0.3022,0.3052,0.466,True
test_80,True,True,9.1381,7.41,8.08,0.0886,0.3604,0.000,False
test_81,True,True,2.7158,23.87,19.55,0.0000,0.3134,0.000,False
test_82,True,True,1.2031,16.34,14.42,0.0000,0.3156,0.000,False
test_83,True,True,4.0441,5.55,0.99,0.2309,0.2226,0.000,True
test_84,True,True,0.5999,18.00,17.05,0.0000,0.1334,0.000,False
test_85,True,True,3.2920,27.13,32.47,0.0000,0.3045,0.247,False
test_86,True,True,6.7921,41.49,30.42,0.0000,0.3341,0.000,False
test_87,True,True,11.0692,5.71,13.02,0.0738,0.3436,0.000,False
test_88,True,True,2.6419,2.85,7.17,0.1410,0.3653,0.000,True
test_89,True,True,4.5324,12.55,19.92,0.0000,0.2959,0.000,False
test_90,True,True,8.9675,3.14,11.88,0.0948,0.3156,0.178,False
test_91,True,True,2.9970,20.45,15.73,0.0000,0.1851,0.000,False
test_92,True,True,5.2425,36.55,27.91,0.0000,0.3513,0.000,False
test_93,True,True,5.7085,16.07,6.68,0.1533,0.2333,0.413,False
test_94,True,True,4.0030,8.76,2.21,0.2319,0.2189,0.090,True
test_95,True,True,14.4678,106.26,83.34,0.0000,0.2160,0.184,False
test_96,True,True,11.4775,53.25,34.92,0.0000,0.3257,0.000,False
test_97,True,True,1.2871,3.44,5.54,0.1928,0.3242,0.000,True
test_98,True,True,0.3193,3.53,3.01,0.3501,0.3326,0.482,True
test_99,True,True,1.3100,0.75,2.88,0.4676,0.3149,0.082,True
test_100,True,True,2.5376,3.35,0.71,0.4397,0.1309,0.343,True
test_101,True,True,1.8848,4.64,1.62,0.4828,0.0667,0.317,True
test_102,True,True,25.7107,92.86,52.08,0.0206,0.0676,0.072,False
test_103,True,True,4.5430,9.80,17.00,0.0022,0.0390,0.227,True
test_104,True,True,16.2158,81.66,56.23,0.0000,0.0267,0.437,False
test_105,True,True,10.5556,21.07,3.85,0.0774,0.0279,0.320,False
test_106,True,True,5.9690,25.53,15.63,0.0244,0.1138,0.116,False
test_107,True,True,13.9330,108.84,86.99,0.0000,0.1035,0.188,False
test_108,True,True,18.6285,121.91,92.33,0.0000,0.0434,0.276,False
test_109,True,True,12.1629,35.50,16.24,0.0705,0.0431,0.238,False
test_110,True,True,0.8317,2.56,1.19,0.6240,0.2463,0.423,True
test_111,True,True,10.2967,12.23,5.15,0.0784,0.1911,0.000,False
test_112,True,True,28.8367,79.49,33.42,0.0288,0.1981,0.078,False
test_113,True,True,9.8363,84.99,69.60,0.0000,0.2483,0.057,False
test_114,True,True,31.9213,89.45,38.39,0.0257,0.1818,0.234,False
test_115,True,True,0.7534,2.19,0.98,0.6579,0.2989,0.473,True
test_116,True,True,1.5459,0.14,2.68,0.4669,0.2872,0.480,True
test_117,True,True,5.5322,1.62,7.32,0.1590,0.1727,0.364,False
test_118,True,True,2.9754,2.13,6.99,0.1825,0.2608,0.102,True
test_119,True,True,26.1406,91.85,50.26,0.0262,0.2925,0.227,False
test_120,True,True,13.4808,21.62,0.36,0.0618,0.0446,0.215,False
test_121,True,True,27.6661,122.61,78.45,0.0000,0.0510,0.253,False
test_122,True,True,14.1620,75.88,53.67,0.0000,0.0244,0.366,False
test_123,True,True,17.7561,114.20,86.31,0.0000,0.0582,0.310,False
test_124,True,True,14.9732,117.43,93.95,0.0000,0.0442,0.160,False
test_125,True,True,5.9770,14.22,4.41,0.1429,0.0641,0.351,False
test_126,True,True,19.9167,86.40,55.02,0.0000,0.0345,0.040,False
test_127,True,True,26.1286,84.04,42.55,0.0314,0.0665,0.394,False
test_128,True,True,11.8483,109.68,90.74,0.0000,0.0830,0.120,False
test_129,True,True,6.3758,11.96,1.35,0.1398,0.1025,0.222,False
test_130,True,True,16.4117,121.74,95.51,0.0000,0.0665,0.110,False
test_131,True,True,0.0498,10.54,10.46,0.0000,0.1192,0.117,False
test_132,True,True,29.3635,120.54,73.67,0.0000,0.1563,0.212,False
test_133,True,True,8.1530,24.59,11.25,0.1020,0.0340,0.404,False
test_134,True,True,0.1409,20.97,20.74,0.0000,0.0916,0.118,False
test_135,True,True,7.1598,32.16,43.36,0.0000,0.0915,0.180,False
test_136,True,True,18.7217,44.24,10.15,0.0425,0.0627,0.000,False
test_137,True,True,7.9490,6.43,6.17,0.1099,0.1511,0.163,False
test_138,True,True,2.4522,30.45,26.54,0.0000,0.0904,0.059,False
test_139,True,True,12.6003,12.45,9.44,0.0633,0.1484,0.099,False
test_140,True,True,15.3202,81.33,57.32,0.0000,0.1507,0.442,False
test_141,True,True,22.4700,97.50,62.02,0.0000,0.2354,0.380,False
test_142,True,True,31.3536,101.74,51.46,0.0254,0.2262,0.053,False
test_143,True,True,12.4103,29.63,8.49,0.0648,0.2576,0.000,False
test_144,True,True,1.5189,0.69,3.25,0.4002,0.2437,0.404,True
test_145,True,True,26.1026,91.79,50.38,0.0264,0.2089,0.250,False
test_146,True,True,18.4763,89.94,60.87,0.0000,0.2226,0.271,False
test_147,True,True,23.0458,110.56,73.84,0.0000,0.2521,0.000,False
test_148,True,True,0.4563,8.43,9.16,0.0000,0.2401,0.211,True
test_149,True,True,16.4313,82.00,56.23,0.0000,0.1757,0.440,False
test_150,True,True,5.5615,18.70,9.90,0.0989,0.2108,0.000,False
test_151,True,True,17.1935,73.06,46.07,0.0000,0.1196,0.102,False
test_152,True,True,16.0040,77.52,52.21,0.0000,0.1453,0.191,False
test_153,True,True,19.6082,101.60,70.47,0.0000,0.1943,0.205,False
test_154,True,True,0.9801,16.94,18.56,0.0000,0.1160,0.222,False
test_155,True,True,9.8160,7.94,23.33,0.0538,0.2257,0.194,False
test_156,True,True,23.0321,89.70,53.29,0.0000,0.2319,0.461,False
test_157,True,True,4.0889,7.61,14.34,0.0208,0.2999,0.000,True
test_158,True,True,14.8626,86.27,62.96,0.0000,0.2038,0.333,False
test_159,True,True,21.9987,13.21,47.96,0.0370,0.1676,0.091,False
test_160,True,True,13.7897,10.25,31.94,0.0437,0.1400,0.111,False
test_161,True,True,24.5387,96.90,58.04,0.0000,0.1777,0.111,False
test_162,True,True,28.5538,88.04,42.41,0.0288,0.1442,0.252,False
test_163,True,True,2.3025,6.09,9.92,0.0396,0.2500,0.209,True
test_164,True,True,15.6585,99.04,74.40,0.0000,0.2100,0.145,False
test_165,True,True,11.8523,39.04,19.91,0.0662,0.3719,0.000,False
test_166,True,True,25.4419,85.52,45.01,0.0315,0.1379,0.095,False
test_167,True,True,26.3746,86.28,44.45,0.0314,0.1892,0.413,False
test_168,True,True,2.5694,5.15,0.94,0.4181,0.2720,0.389,True
test_169,True,True,22.7110,81.88,46.03,0.0191,0.1749,0.231,False
test_170,True,True,1.6263,16.94,14.28,0.0000,0.1521,0.366,False
test_171,True,True,30.5328,109.12,60.31,0.0221,0.1792,0.064,False
test_172,True,True,4.2636,27.42,20.05,0.0000,0.0975,0.000,False
test_173,True,True,16.1026,95.64,70.38,0.0000,0.2398,0.123,False
test_174,True,True,1.1266,98.95,97.17,0.0000,0.2392,0.053,False
test_175,True,True,9.9314,21.79,37.44,0.0000,0.0795,0.441,False
test_176,True,True,9.9339,7.51,8.78,0.0841,0.2666,0.000,False
test_177,True,True,7.1561,92.57,81.19,0.0000,0.2198,0.052,False
test_178,True,True,3.8648,5.33,11.71,0.0570,0.1369,0.312,True
test_179,True,True,2.4737,1.49,2.54,0.3751,0.3278,0.450,True
test_180,True,True,12.3985,1.81,21.62,0.0660,0.2283,0.177,False
test_181,True,True,13.9401,48.38,70.24,0.0000,0.1038,0.095,False
test_182,True,True,5.9205,17.93,8.51,0.1294,0.1417,0.327,False
test_183,True,True,29.0632,81.23,34.70,0.0286,0.1602,0.000,False
test_184,True,True,45.5902,150.44,74.59,0.0173,0.1608,0.202,False
test_185,True,True,9.2750,114.48,99.45,0.0000,0.1015,0.096,False
test_186,True,True,6.5543,55.22,44.88,0.0000,0.1318,0.116,False
test_187,True,True,9.5988,8.54,7.77,0.0839,0.1300,0.237,False
test_188,True,True,32.7948,110.04,38.55,0.0250,0.1842,0.000,False
test_189,True,True,9.2402,9.00,5.97,0.0903,0.1735,0.405,False
test_190,True,True,1.4099,3.29,5.57,0.1585,0.2801,0.507,True
test_191,True,True,12.1091,48.55,29.45,0.0036,0.3474,0.000,False
test_192,True,True,3.9771,7.64,1.44,0.2492,0.3585,0.000,True
test_193,True,True,12.1929,32.97,13.82,0.0696,0.4101,0.000,False
test_194,True,True,10.1100,56.34,40.33,0.0000,0.4130,0.000,False
test_195,True,True,31.8658,71.85,20.32,0.0251,0.3002,0.000,False
test_196,True,True,2.2574,2.34,1.32,0.4733,0.4004,0.416,True
test_197,True,True,17.6919,100.34,72.54,0.0000,0.2899,0.305,False
test_198,True,True,13.6929,12.27,33.88,0.0380,0.2811,0.165,False
test_199,True,True,7.7289,43.48,31.10,0.0000,0.2191,0.000,False
test_200,True,True,13.8497,48.71,26.81,0.0392,0.3810,0.000,False
test_201,True,True,13.0892,45.74,25.12,0.0404,0.4263,0.000,False
test_202,True,True,1.8878,1.93,4.98,0.2531,0.3861,0.507,True
test_203,True,True,14.0966,36.89,14.41,0.0635,0.4276,0.000,False
test_204,True,True,17.1306,47.05,19.84,0.0483,0.3982,0.000,False
test_205,True,True,27.2458,103.87,60.59,0.0016,0.4424,0.555,False
test_206,True,True,6.0021,2.01,11.59,0.1235,0.4230,0.000,False
test_207,True,True,4.4000,6.77,0.09,0.2129,0.4267,0.000,True
test_208,True,True,8.8352,56.37,42.23,0.0000,0.3781,0.000,False
test_209,True,True,12.1276,62.43,43.11,0.0000,0.3033,0.000,False
test_210,True,True,11.7791,13.55,4.91,0.0705,0.2213,0.480,False
test_211,True,True,9.1795,4.97,9.76,0.0920,0.2473,0.270,False
test_212,True,True,2.9393,48.15,43.54,0.0000,0.3835,0.000,False
test_213,True,True,8.9022,9.71,4.73,0.0955,0.2152,0.212,False
test_214,True,True,25.6859,87.86,47.09,0.0312,0.1064,0.493,False
test_215,True,True,15.7715,37.21,61.94,0.0000,0.0928,0.064,False
test_216,True,True,6.8316,11.15,21.86,0.0045,0.2595,0.106,False
test_217,True,True,5.3849,3.84,5.33,0.1661,0.2242,0.000,False
test_218,True,True,6.0446,116.88,107.15,0.0000,0.3678,0.122,False
test_219,True,True,0.9065,22.74,24.22,0.0000,0.3723,0.000,False
test_220,True,True,1.6676,0.93,1.69,0.5419,0.2498,0.411,True
test_221,True,True,12.9438,61.44,41.03,0.0000,0.2431,0.000,False
test_222,True,True,2.8681,6.25,11.04,0.0302,0.0961,0.504,True
test_223,True,True,5.0720,2.45,5.80,0.1836,0.2656,0.456,False
test_224,True,True,8.4534,28.31,14.61,0.0830,0.1083,0.000,False
test_225,True,True,1.9350,4.64,7.76,0.0702,0.2109,0.288,True
test_226,True,True,25.8157,99.44,58.51,0.0008,0.1507,0.478,False
test_227,True,True,10.2374,15.44,32.42,0.0008,0.0651,0.085,False
test_228,True,True,3.7896,8.32,2.31,0.2371,0.2051,0.109,True
test_229,True,True,7.1381,70.01,58.58,0.0000,0.0740,0.107,False
test_230,True,True,20.4089,104.75,72.60,0.0000,0.2634,0.000,False
test_231,True,True,4.8026,3.02,10.83,0.1203,0.3114,0.000,True
test_232,True,True,1.9915,8.30,5.13,0.1663,0.2564,0.347,True
test_233,True,True,4.0629,7.55,0.85,0.2370,0.2611,0.489,True
test_234,True,True,3.7369,9.66,15.65,0.0000,0.3347,0.000,True
test_235,True,True,9.0736,4.27,10.46,0.0906,0.2807,0.000,False
test_236,True,True,5.4012,16.63,8.07,0.1416,0.3469,0.000,False
test_237,True,True,22.3482,89.66,54.39,0.0000,0.4067,0.514,False
test_238,True,True,5.0610,2.41,5.90,0.1784,0.2591,0.095,False
test_239,True,True,4.0855,11.41,4.95,0.1939,0.2418,0.000,False
test_240,True,True,4.5599,6.37,13.89,0.0464,0.2395,0.419,True
test_241,True,True,18.6544,95.83,66.51,0.0000,0.2624,0.397,False
test_242,True,True,2.3843,27.23,23.41,0.0000,0.2831,0.000,False
test_243,True,True,7.4987,11.36,0.97,0.1137,0.2429,0.235,False
test_244,True,True,0.7372,3.95,2.76,0.4152,0.2989,0.096,True
test_245,True,True,1.1939,4.60,2.67,0.4158,0.2325,0.400,True
test_246,True,True,25.1830,98.53,58.65,0.0000,0.2660,0.483,False
test_247,True,True,28.2286,96.54,51.65,0.0288,0.2822,0.244,False
test_248,True,True,9.0518,9.36,5.79,0.0926,0.2481,0.384,False
test_249,True,True,25.5937,80.42,39.79,0.0320,0.3332,0.000,False
test_250,True,True,21.9088,80.01,45.46,0.0149,0.0956,0.272,False
test_251,True,True,27.2592,108.77,65.49,0.0000,0.2088,0.463,False
test_252,True,True,0.4706,10.31,11.07,0.0000,0.0950,0.233,False
test_253,True,True,1.3813,114.73,116.99,0.0000,0.2427,0.191,False
test_254,True,True,21.0474,70.45,37.27,0.0371,0.2986,0.000,False
test_255,True,True,13.1085,50.96,30.08,0.0099,0.3773,0.000,False
test_256,True,True,15.6979,56.93,32.16,0.0275,0.3127,0.000,False
test_257,True,True,27.3768,82.95,39.13,0.0294,0.2783,0.000,False
test_258,True,True,8.9112,45.39,31.33,0.0000,0.3444,0.000,False
test_259,True,True,8.6301,41.96,28.16,0.0000,0.3630,0.000,False
test_260,True,True,2.9216,0.28,4.63,0.2752,0.2706,0.469,True
test_261,True,True,4.2065,21.68,14.65,0.0035,0.2213,0.000,False
test_262,True,True,16.7319,116.23,88.82,0.0000,0.2053,0.051,False
test_263,True,True,5.7661,8.67,0.74,0.1524,0.1770,0.355,False
test_264,True,True,24.2701,120.17,80.39,0.0000,0.1855,0.088,False
test_265,True,True,15.5761,14.04,38.88,0.0271,0.2007,0.212,False
test_266,True,True,9.8124,61.68,45.88,0.0000,0.2522,0.000,False
test_267,True,True,8.7708,6.00,8.69,0.0976,0.1850,0.438,False
test_268,True,True,8.3366,14.55,0.24,0.0982,0.2329,0.494,False
test_269,True,True,3.1696,8.83,14.58,0.0048,0.1721,0.164,True
test_270,True,True,10.6284,62.62,45.70,0.0000,0.4394,0.000,False
test_271,True,True,14.8825,50.58,26.93,0.0523,0.4105,0.000,False
test_272,True,True,17.3498,48.91,21.03,0.0473,0.3648,0.000,False
test_273,True,True,4.2816,33.67,26.65,0.0000,0.3977,0.000,False
test_274,True,True,10.6587,6.46,11.59,0.0755,0.2235,0.096,False
test_275,True,True,17.7292,50.57,22.36,0.0468,0.3230,0.000,False
test_276,True,True,19.5013,43.90,12.94,0.0426,0.3923,0.000,False
test_277,True,True,3.9725,39.57,33.11,0.0000,0.3269,0.000,False
test_278,True,True,9.1173,56.45,41.98,0.0000,0.3537,0.000,False
test_279,True,True,4.7969,40.55,32.89,0.0000,0.3970,0.000,False
test_280,True,True,1.3385,2.50,0.32,0.6294,0.3660,0.000,True
test_281,True,True,0.2800,3.48,3.03,0.4166,0.3660,0.494,True
test_282,True,True,22.0300,52.38,17.50,0.0370,0.2884,0.000,False
test_283,True,True,10.0731,43.77,27.50,0.0008,0.3731,0.000,False
test_284,True,True,28.3835,72.54,27.33,0.0288,0.2806,0.000,False
test_285,True,True,21.2698,45.57,11.75,0.0385,0.3701,0.000,False
test_286,True,True,4.4199,41.41,34.26,0.0000,0.3976,0.000,False
test_287,True,True,20.9079,47.54,14.49,0.0385,0.4119,0.000,False
test_288,True,True,36.9226,78.78,18.80,0.0214,0.3167,0.000,False
test_289,True,True,5.6296,1.77,10.80,0.1362,0.4279,0.173,False
test_290,True,True,12.0627,41.36,22.25,0.0502,0.3581,0.000,False
test_291,True,True,30.6037,76.66,27.12,0.0256,0.1939,0.136,False
test_292,True,True,14.7742,55.01,31.42,0.0144,0.3884,0.000,False
test_293,True,True,20.1624,112.62,80.44,0.0000,0.3159,0.266,False
test_294,True,True,16.3110,42.84,16.78,0.0453,0.3624,0.000,False
test_295,True,True,2.1960,5.13,1.48,0.3794,0.2707,0.448,True
test_296,True,True,9.0552,5.13,20.81,0.0795,0.3216,0.000,False
test_297,True,True,19.6834,46.47,15.34,0.0418,0.4155,0.000,False
test_298,True,True,5.5744,0.80,9.99,0.1473,0.3392,0.384,False
test_299,True,True,8.2812,50.68,37.45,0.0000,0.4163,0.000,False
test_300,True,True,19.1638,53.50,23.24,0.0432,0.3921,0.000,False
test_301,True,True,12.5681,7.89,28.02,0.0595,0.3707,0.183,False
test_302,True,True,3.5197,8.15,13.81,0.0102,0.3066,0.068,True
test_303,True,True,16.0815,51.41,25.78,0.0513,0.3867,0.000,False
test_304,True,True,14.7458,42.15,18.50,0.0540,0.4033,0.000,False
test_305,True,True,38.3097,96.72,34.72,0.0214,0.2457,0.000,False
test_306,True,True,3.8085,2.29,3.71,0.2552,0.2084,0.000,True
test_307,True,True,25.8324,70.35,29.41,0.0320,0.3139,0.000,False
test_308,True,True,0.4183,13.77,14.46,0.0000,0.3261,0.000,False
test_309,True,True,2.5989,6.91,11.09,0.0270,0.2070,0.426,True
test_310,True,True,9.6989,48.30,32.83,0.0000,0.4017,0.000,False
test_311,True,True,13.1254,42.81,21.96,0.0583,0.4224,0.000,False
test_312,True,True,26.3562,76.73,34.87,0.0317,0.4064,0.000,False
test_313,True,True,27.8062,95.39,51.20,0.0285,0.3665,0.480,False
test_314,True,True,6.3714,46.49,36.41,0.0000,0.3282,0.000,False
test_315,True,True,1.4213,0.84,1.47,0.6053,0.3012,0.545,True
test_316,True,True,16.5998,57.48,30.99,0.0426,0.2082,0.000,False
test_317,True,True,4.6162,2.95,10.35,0.1200,0.3958,0.000,True
test_318,True,True,14.8536,40.33,16.87,0.0565,0.4132,0.000,False
test_319,True,True,34.0575,90.32,35.26,0.0236,0.3648,0.000,False
test_320,True,True,6.7991,5.01,5.94,0.1252,0.2990,0.450,False
test_321,True,True,3.0774,33.72,28.82,0.0000,0.2912,0.000,False
test_322,True,True,11.3733,49.05,31.00,0.0000,0.3444,0.000,False
test_323,True,True,2.5931,30.16,34.24,0.0000,0.3764,0.000,False
test_324,True,True,7.7084,4.90,16.98,0.0811,0.3470,0.369,False
test_325,True,True,7.1634,13.25,24.44,0.0000,0.3623,0.103,False
test_326,True,True,14.2951,54.83,32.25,0.0108,0.3890,0.000,False
test_327,True,True,5.7949,6.69,15.91,0.0524,0.3710,0.008,False
test_328,True,True,2.8613,0.63,4.02,0.3057,0.4039,0.309,True
test_329,True,True,4.5528,13.51,6.25,0.1644,0.3230,0.295,False
test_330,True,True,13.3926,27.19,6.09,0.0638,0.2529,0.000,False
test_331,True,True,14.9110,43.71,19.83,0.0570,0.4048,0.000,False
test_332,True,True,2.4685,0.47,3.60,0.3221,0.4011,0.000,True
test_333,True,True,0.5544,7.76,8.66,0.0000,0.1918,0.536,True
test_334,True,True,6.1807,4.64,5.38,0.1457,0.3329,0.000,False
test_335,True,True,0.3055,23.83,23.35,0.0000,0.2233,0.246,False
test_336,True,True,5.0656,1.78,10.22,0.1379,0.3505,0.376,False
test_337,True,True,15.7589,46.23,21.08,0.0519,0.3287,0.000,False
test_338,True,True,3.5577,4.56,1.29,0.2738,0.1507,0.291,True
test_339,True,True,12.5414,45.15,25.25,0.0399,0.3821,0.000,False
test_340,True,True,11.8692,43.43,24.71,0.0363,0.3820,0.000,False
test_341,True,True,3.7905,24.51,30.63,0.0000,0.3766,0.000,False
test_342,True,True,23.4373,55.35,18.29,0.0347,0.3874,0.000,False
test_343,True,True,13.1574,45.91,25.02,0.0454,0.4103,0.000,False
test_344,True,True,14.3296,52.60,30.10,0.0161,0.3666,0.000,False
test_345,True,True,23.4260,51.50,13.72,0.0343,0.3458,0.000,False
test_346,True,True,15.5526,52.56,27.94,0.0446,0.4076,0.000,False
test_347,True,True,11.4790,43.68,25.58,0.0195,0.3896,0.000,False
test_348,True,True,5.3723,41.36,32.78,0.0000,0.3813,0.000,False
test_349,True,True,6.5944,1.21,11.86,0.1235,0.4292,0.169,False
test_350,True,True,1.7022,2.13,4.93,0.2963,0.3805,0.341,True
test_351,True,True,1.6011,6.96,9.58,0.0084,0.3056,0.484,True
test_352,True,True,25.5268,90.93,50.39,0.0242,0.2840,0.479,False
test_353,True,True,11.7486,38.99,20.24,0.0638,0.3615,0.000,False
test_354,True,True,2.9287,22.55,27.25,0.0000,0.1075,0.096,False
test_355,True,True,24.9551,99.94,60.39,0.0000,0.2668,0.459,False
test_356,True,True,11.5449,12.28,6.72,0.0711,0.1851,0.000,False
test_357,True,True,7.3843,18.99,6.11,0.1143,0.0679,0.110,False
test_358,True,True,21.0542,55.08,21.91,0.0403,0.2502,0.000,False
test_359,True,True,1.1876,1.28,3.22,0.4192,0.4172,0.462,True
test_360,True,True,22.0004,95.70,60.90,0.0000,0.3706,0.263,False
test_361,True,True,10.6101,26.43,9.61,0.0780,0.3811,0.000,False
test_362,True,True,5.2211,50.44,42.05,0.0000,0.3308,0.000,False
test_363,True,True,14.4323,51.42,28.54,0.0389,0.3749,0.000,False
test_364,True,True,30.2622,85.21,36.85,0.0271,0.3988,0.000,False
test_365,True,True,8.2414,39.41,26.39,0.0000,0.3975,0.000,False
test_366,True,True,3.1694,28.08,23.08,0.0000,0.3832,0.000,False
test_367,True,True,9.6520,33.35,17.82,0.0641,0.3888,0.000,False
test_368,True,True,14.2741,52.50,29.91,0.0229,0.3560,0.000,False
test_369,True,True,9.7041,35.70,20.09,0.0420,0.2890,0.000,False
test_370,True,True,18.6691,117.33,87.35,0.0000,0.1899,0.084,False
test_371,True,True,6.1275,4.21,14.29,0.0891,0.2515,0.026,False
test_372,True,True,0.7855,5.76,4.44,0.1868,0.1538,0.295,True
test_373,True,True,0.6677,9.61,8.50,0.0008,0.1016,0.432,True
test_374,True,True,24.6014,105.80,66.73,0.0000,0.1525,0.333,False
test_375,True,True,1.8702,3.95,7.00,0.1225,0.2089,0.492,True
test_376,True,True,2.9642,2.85,2.15,0.3641,0.2163,0.000,True
test_377,True,True,4.6889,13.13,5.37,0.1751,0.2859,0.000,False
test_378,True,True,1.9737,6.73,9.96,0.0208,0.2739,0.064,True
test_379,True,True,5.1904,11.52,3.05,0.1789,0.3001,0.000,False
test_380,True,True,12.6897,98.85,78.60,0.0000,0.2504,0.136,False
test_381,True,True,0.1391,6.67,6.44,0.0578,0.2439,0.462,True
test_382,True,True,5.7242,4.00,5.33,0.1598,0.3509,0.292,False
test_383,True,True,33.3609,97.16,43.66,0.0245,0.1914,0.466,False
test_384,True,True,28.6709,91.36,45.67,0.0291,0.1466,0.429,False
test_385,True,True,10.9963,96.63,78.98,0.0000,0.2344,0.139,False
test_386,True,True,0.0235,15.88,15.92,0.0000,0.1528,0.220,False
test_387,True,True,6.4060,108.00,97.74,0.0000,0.2106,0.047,False
test_388,True,True,25.7194,88.15,47.06,0.0297,0.0497,0.367,False
test_389,True,True,6.9397,6.42,17.37,0.0595,0.3197,0.104,False
test_390,True,True,17.3904,42.13,14.76,0.0492,0.4174,0.000,False
test_391,True,True,14.5044,50.76,27.90,0.0371,0.4313,0.000,False
test_392,True,True,16.5609,42.90,16.90,0.0501,0.3664,0.000,False
test_393,True,True,23.4261,50.34,13.23,0.0347,0.3885,0.000,False
test_394,True,True,37.8569,93.78,32.41,0.0214,0.2976,0.000,False
test_395,True,True,13.2133,48.39,27.48,0.0243,0.4121,0.000,False
test_396,True,True,4.8192,9.42,17.37,0.0081,0.1963,0.114,True
test_397,True,True,12.5954,41.33,20.96,0.0631,0.4258,0.000,False
test_398,True,True,13.6897,50.75,28.72,0.0226,0.3740,0.000,False
test_399,True,True,26.6980,113.74,71.37,0.0000,0.3173,0.000,False
test_400,True,True,5.0700,6.64,14.66,0.0413,0.3903,0.000,False
test_401,True,True,5.3078,3.61,12.24,0.1129,0.3525,0.023,False
test_402,True,True,2.5905,12.35,16.47,0.0000,0.3472,0.000,False
test_403,True,True,3.2938,6.17,11.42,0.0250,0.3345,0.156,True
test_404,True,True,3.1823,6.52,11.76,0.0258,0.3178,0.000,True
test_405,True,True,4.5040,0.37,7.54,0.1919,0.3229,0.106,True
test_406,True,True,4.7933,6.53,14.24,0.0442,0.3499,0.000,True
test_407,True,True,7.8422,3.33,9.21,0.1094,0.2307,0.000,False
test_408,True,True,0.4080,2.16,2.82,0.4014,0.3484,0.556,True
test_409,True,True,4.6941,2.81,10.41,0.1301,0.3464,0.048,True
test_410,True,True,13.8306,38.83,17.03,0.0609,0.3125,0.000,False
test_411,True,True,10.0310,17.81,1.66,0.0843,0.1345,0.000,False
test_412,True,True,8.2614,19.16,32.28,0.0000,0.0667,0.073,False
test_413,True,True,21.5381,75.80,41.81,0.0287,0.1544,0.343,False
test_414,True,True,10.6409,23.70,6.88,0.0746,0.2199,0.211,False
test_415,True,True,2.7038,8.87,4.64,0.2043,0.1393,0.000,True
test_416,True,True,9.2822,57.93,43.42,0.0000,0.3491,0.000,False
test_417,True,True,0.3952,6.47,5.84,0.1202,0.3497,0.513,True
test_418,True,True,16.0768,55.04,29.78,0.0437,0.4202,0.000,False
test_419,True,True,3.8254,1.60,7.71,0.1851,0.3735,0.099,True
test_420,True,True,7.6239,7.91,21.07,0.0522,0.2432,0.000,False
test_421,True,True,0.4176,10.98,10.29,0.0000,0.1309,0.426,False
test_422,True,True,6.3753,13.71,2.66,0.1345,0.2268,0.000,False
test_423,True,True,2.9659,4.40,9.39,0.0749,0.1624,0.081,True
test_424,True,True,0.2388,5.72,5.31,0.1439,0.1298,0.000,True
test_425,True,True,28.9565,114.84,68.61,0.0000,0.2155,0.064,False
test_426,True,True,25.1767,91.14,51.20,0.0172,0.1084,0.139,False
test_427,True,True,26.2016,57.04,15.28,0.0303,0.1062,0.123,False
test_428,True,True,20.5006,5.93,38.91,0.0408,0.1713,0.181,False
test_429,True,True,0.7964,4.51,3.16,0.3548,0.2547,0.000,True
